Main Keyword,Pillar Topic,Blog Post Outline,Search Volume
act,,,
,act standards,20 act,1
,act standards,act ins,1
,act standards,act standards,1
,act standards,act time and a half,1
,act standards,act timers,1
,act standards,act2 services,1
,act standards,act32,1
,act standards,actia,1
,act standards,actomat,1
,act standards,december act 2022,1
,act standards,earn act summary,1
,act standards,fairlabor standards act,1
,act standards,ffcra act,1
,act standards,level the playing field act 20,1
,act standards,leveling the playing field act 20,1
,act standards,ohs act,1
,act standards,pro act training answers,1
,act standards,why has the act been changed recently,1
,act standards,cares 20 act,1
,act standards,cares act 20,1
,act cares,care act loans,1
,act cares,cares act $26000 per employee,1
,act cares,cares act 2302,1
,act cares,cares act 26k per employee,1
,act cares,cares act employee retention refund,1
,act cares,cares act employee retention tax credit,1
,act cares,cares act erc payroll tax refund,1
,act cares,cares act fica deferral,1
,act cares,cares act late payments,1
,act cares,cares act loan,1
,act cares,cares act loans,1
,act cares,cares act payroll tax credit,1
,act cares,cares act payroll tax credits,1
,act cares,cares act ppp,1
,act cares,cares act repayment,1
,act cares,cares act repayment deadline,1
,act cares,cares act small business,1
,act cares,cares act small business grant,1
,act cares,cares act social security tax deferral,1
,act cares,cares act stimulus checks,1
,act cares,cares act tax credit,1
,act cares,caresource payment,1
,act cares,employee tax credit cares act,1
,act cares,irs cares act payment,1
,act anti,anti bribery and corruption act,1
,act anti,anti corruption act,1
,act anti,can federal employees donate to political campaigns,1
,act anti,does federal and state come together,1
,act anti,modern slavery act,1
,act anti,modern slavery act statement,1
,act anti,nontaxable combat pay election,1
,act anti,state mandates,1
,act anti,the consolidated omnibus budget reconciliation act gives workers,1
,act anti,what is the consolidated appropriations act,1
,secure act,401k secure act,1
,secure act,401k secure act 20,1
,secure act,secure act 20 401 k,1
,secure act,secure act 20 401k,1
,secure act,secure act 20 401k changes,1
,secure act,secure act 401 k,1
,secure act,secure act 401k,1
,secure act,secure act 401k withdrawal,1
,secure act,roth 401k rmd secure act 20,1
,secure act,roth ira secure act,1
,secure act,roth sep ira secure act 20,1
,secure act,roth simple ira secure act 20,1
,secure act,secure act 20 catch up contributions roth,1
,secure act,secure act 20 ira contributions,1
,secure act,secure act 20 matching contributions roth,1
,secure act,secure act 20 roth,1
,secure act,secure act 20 roth 401k,1
,secure act,secure act 20 roth 401k rmd,1
,secure act,secure act and roth ira,1
,secure act,simple ira roth 2023 secure act,1
,secure act,simple ira secure act 20,1
,secure act,rmd secure act 20,1
,secure act,rmd under secure act 20,1
,secure act,rmds secure act 20,1
,secure act,secure act 2 rmd,1
,secure act,secure act 20 and rmds,1
,secure act,secure act 20 rmd,1
,secure act,secure act 20 rmd age,1
,secure act,secure act 20 rmd age 73,1
,secure act,secure act 20 rmd age 75,1
,secure act,secure act 20 rmd ages,1
,secure act,secure act 20 rmd changes,1
,secure act,secure act 20 rmd penalty,1
,secure act,secure act 20 rmd rules,1
,secure act,secure act 20 rmd table,1
,secure act,secure act 20 rmds,1
,secure act,secure act rmd,1
,secure act,secure act rmd age,1
,secure act,secure act rmd changes,1
,secure act,secure act rmd rules,1
,secure act,secure act rmd table,1
,secure act,secure act rmds,1
,secure act,20 secure act,1
,secure act,highlights of secure act 20,1
,secure act,is secure act 20 law yet,1
,secure act,is secure act 20 passed,1
,secure act,secure act 10,1
,secure act,secure act 20,1
,secure act,secure act 20 10 year rule,1
,secure act,secure act 20 bill,1
,secure act,secure act 20 changes,1
,secure act,secure act 20 details,1
,secure act,secure act 20 explained,1
,secure act,secure act 20 full text,1
,secure act,secure act 20 highlights,1
,secure act,secure act 20 latest news,1
,secure act,secure act 20 law,1
,secure act,secure act 20 legislation,1
,secure act,secure act 20 news,1
,secure act,secure act 20 overview,1
,secure act,secure act 20 passed,1
,secure act,secure act 20 pdf,1
,secure act,secure act 20 provisions,1
,secure act,secure act 20 section 603,1
,secure act,secure act 20 signed,1
,secure act,secure act 20 signed into law,1
,secure act,secure act 20 status,1
,secure act,secure act 20 status 2022,1
,secure act,secure act 20 summary,1
,secure act,secure act 20 summary pdf,1
,secure act,secure act 20 text,1
,secure act,secure act 20 update,1
,secure act,secure act 20 updates,1
,secure act,secure act 30,1
,secure act,secure act changes,1
,secure act,secure act summary,1
,secure act,secure act20,1
,secure act,secureact 20,1
,secure act,secures act 20,1
,secure act,text of secure act 20,1
,secure act,the secure 20 act,1
,secure act,the secure act 20,1
,secure act,what is the secure act 20,1
,secure act,when does secure act 20 go into effect,1
,secure act,when does secure act 20 take effect,1
,secure act,when was secure act 20 passed,1
,secure act,when was the secure act 20 passed,1
,secure act,will secure act 20 pass,1
,secure act,will secure act 20 pass in 2022,1
,secure act,catch up contributions 2024 secure act 20,1
,secure act,catch up contributions secure act 20,1
,secure act,long term part time employees secure act 20,1
,secure act,paychex secure act 20,1
,secure act,secure act 10 effective date,1
,secure act,secure act 20 amendment deadline,1
,secure act,secure act 20 annuities,1
,secure act,secure act 20 auto enrollment,1
,secure act,secure act 20 automatic enrollment,1
,secure act,secure act 20 catch up contribution changes,1
,secure act,secure act 20 catch up contributions,1
,secure act,secure act 20 catch-up contributions,1
,secure act,secure act 20 effective date,1
,secure act,secure act 20 emergency savings,1
,secure act,secure act 20 employer match,1
,secure act,secure act 20 for employers,1
,secure act,secure act 20 hardship withdrawal,1
,secure act,secure act 20 long term part time,1
,secure act,secure act 20 paychex,1
,secure act,secure act 20 retirement changes,1
,secure act,secure act 20 retirement plans,1
,secure act,secure act amendment deadline,1
,secure act,secure act effective date,1
,secure act,secure act withdrawal for birth of child,1
,warn act,nj warn act amendments effective date,1
,warn act,warn act canada,1
,warn act,warn act rhode island,1
,warn act,warn act ri,1
,warn act,washington state warn act,1
